{
  "swagger": "2.0",
  "info": {
    "version": "0.0.1",
    "title": "Di War Rest",
    "description": "`Erisite DI Warehouse Rest API`... a PoC by Niladri Roy",
    "termsOfService": "http://swagger.io/terms/",
    "contact": {
      "email": "niladri.r.roy@ericsson.com"
    },
    "license": {
      "name": "Apache 2.0",
      "url": "http://www.apache.org/licenses/LICENSE-2.0.html"
    }
  },
  "host": "localhost:1712",
  "basePath": "/",
  "tags": [
    {
      "name": "SDE",
      "description": "Rest API for SDE"
    }
  ],
  "schemes": [
    "http",
    "https"
  ],
  "consumes": [
    "application/json"
  ],
  "produces": [
    "application/json"
  ],
  "paths": {
    "/sde/data": {
      "get": {
        "tags": [
          "SDE"
        ],
        "summary": "Fetch all from sdeData Records",
        "description": "This API fetches all the records from SDE Datat table.",
        "operationId": "sdeDataGET",
        "produces": [
          "application/json"
        ],
        "parameters": [
          {
            "name": "pageSize",
            "in": "query",
            "description": "the page size of the recordset",
            "required": false,
            "type": "integer"
          }
        ],
        "responses": {
          "200": {
            "description": "Array of Records in sdeData Table",
            "schema": {
              "$ref": "#/definitions/sdeData"
            }
          },
          "400": {
            "description": "Bad request due to invalid parameter",
            "schema": {
              "$ref": "#/definitions/fault"
            }
          },
          "500": {
            "description": "Internal Error",
            "schema": {
              "$ref": "#/definitions/fault"
            }
          }
        }
      }
    },
    "/sde/data/{id}": {
      "get": {
        "tags": [
          "SDE"
        ],
        "summary": "Fetch sdeData by id",
        "description": "This API fetches record from sdeData Table with the specified id.",
        "operationId": "sdeDataByIdGET",
        "produces": [
          "application/json"
        ],
        "parameters": [
          {
            "name": "id",
            "in": "path",
            "description": "id of the desired record in sdeData table.",
            "type": "integer",
            "required": true
          }
        ],
        "responses": {
          "200": {
            "description": "sdeData record associated with the id",
            "schema": {
              "$ref": "#/definitions/sdeData"
            }
          },
          "400": {
            "description": "Bad request due to invalid parameter",
            "schema": {
              "$ref": "#/definitions/fault"
            }
          },
          "500": {
            "description": "Internal Error",
            "schema": {
              "$ref": "#/definitions/fault"
            }
          }
        }
      }
    }
  },
  "definitions": {
    "info": {
      "type": "object",
      "required": [
        "status",
        "code",
        "time"
      ],
      "properties": {
        "status": {
          "type": "integer"
        },
        "code": {
          "type": "string"
        },
        "time": {
          "type": "string"
        }
      }
    },
    "error": {
      "type": "object",
      "properties": {
        "parameter": {
          "type": "string",
          "example": "error identifiers"
        },
        "message": {
          "type": "string",
          "example": "error details"
        }
      }
    },
    "fault": {
      "type": "object",
      "required": [
        "info"
      ],
      "properties": {
        "info": {
          "type": "object",
          "$ref": "#/definitions/info"
        },
        "data": {
          "type": "array",
          "items": {
            "$ref": "#/definitions/error"
          }
        }
      }
    },
    "sdeDataRow": {
      "type": "object",
      "required": [],
      "properties": {}
    },
    "sdeData": {
      "type": "object",
      "required": [
        "info",
        "data"
      ],
      "properties": {
        "data": {
          "type": "array",
          "items": {
            "$ref": "#/definitions/sdeDataRow"
          }
        },
        "info": {
          "$ref": "#/definitions/info"
        }
      }
    }
  }
}