{
  "swagger": "2.0",
  "info": {
    "version": "0.0.1",
    "title": "Di War Rest",
    "description": "`Erisite DI Warehouse Rest API`... a PoC by Niladri Roy",
    "termsOfService": "http://swagger.io/terms/",
    "contact": {
      "email": "niladri.r.roy@ericsson.com"
    },
    "license": {
      "name": "Apache 2.0",
      "url": "http://www.apache.org/licenses/LICENSE-2.0.html"
    }
  },
  "host": "localhost:1712",
  "basePath": "/",
  "tags": [
    {
      "name": "Tables",
      "description": "Rest API for Tables"
    },
    {
      "name": "Views",
      "description": "Rest API for Views"
    }
  ],
  "schemes": [
    "http",
    "https"
  ],
  "consumes": [
    "application/json"
  ],
  "produces": [
    "application/json"
  ],
  "paths": {},
  "definitions": {
    "info": {
      "type": "object",
      "required": [
        "status",
        "code",
        "time"
      ],
      "properties": {
        "status": {
          "type": "integer"
        },
        "code": {
          "type": "string"
        },
        "time": {
          "type": "string"
        }
      }
    },
    "error": {
      "type": "object",
      "properties": {
        "parameter": {
          "type": "string",
          "example": "error identifiers"
        },
        "message": {
          "type": "string",
          "example": "error details"
        }
      }
    },
    "fault": {
      "type": "object",
      "required": [
        "info"
      ],
      "properties": {
        "info": {
          "type": "object",
          "$ref": "#/definitions/info"
        },
        "data": {
          "type": "array",
          "items": {
            "$ref": "#/definitions/error"
          }
        }
      }
    }
  }
}